instance,index,variable_name,primal_value,binding_state
afiro.mps,1,X01,80.000000,ACTIVE
afiro.mps,2,X02,25.500000,ACTIVE
afiro.mps,3,X03,54.500000,ACTIVE
afiro.mps,4,X04,84.800000,ACTIVE
afiro.mps,5,X06,18.214286,ACTIVE
afiro.mps,6,X07,0.000000,ZERO
afiro.mps,7,X08,0.000000,ZERO
afiro.mps,8,X09,0.000000,ZERO
afiro.mps,9,X10,0.000000,ZERO
afiro.mps,10,X11,0.000000,ZERO
afiro.mps,11,X12,0.000000,ZERO
afiro.mps,12,X13,0.000000,ZERO
afiro.mps,13,X14,18.214286,ACTIVE
afiro.mps,14,X15,0.000000,ZERO
afiro.mps,15,X16,19.307143,ACTIVE
afiro.mps,16,X22,500.000000,ACTIVE
afiro.mps,17,X23,475.920000,ACTIVE
afiro.mps,18,X24,24.080000,ACTIVE
afiro.mps,19,X25,0.000000,ZERO
afiro.mps,20,X26,215.000000,ACTIVE
afiro.mps,21,X28,0.000000,ZERO
afiro.mps,22,X29,0.000000,ZERO
afiro.mps,23,X30,0.000000,ZERO
afiro.mps,24,X31,0.000000,ZERO
afiro.mps,25,X32,0.000000,ZERO
afiro.mps,26,X33,0.000000,ZERO
afiro.mps,27,X34,0.000000,ZERO
afiro.mps,28,X35,0.000000,ZERO
afiro.mps,29,X36,339.942857,ACTIVE
afiro.mps,30,X37,383.942857,ACTIVE
afiro.mps,31,X38,0.000000,ZERO
afiro.mps,32,X39,0.000000,ZERO
